{"meta":{"version":1,"warehouse":"4.0.2"},"models":{"Asset":[{"_id":"themes/Next/source/css/main.styl","path":"css/main.styl","modified":0,"renderable":1},{"_id":"themes/Next/source/images/algolia_logo.svg","path":"images/algolia_logo.svg","modified":0,"renderable":1},{"_id":"themes/Next/source/images/apple-touch-icon-next.png","path":"images/apple-touch-icon-next.png","modified":0,"renderable":1},{"_id":"themes/Next/source/images/avatar.gif","path":"images/avatar.gif","modified":0,"renderable":1},{"_id":"themes/Next/source/images/cc-by-nc-nd.svg","path":"images/cc-by-nc-nd.svg","modified":0,"renderable":1},{"_id":"themes/Next/source/images/cc-by-nc-sa.svg","path":"images/cc-by-nc-sa.svg","modified":0,"renderable":1},{"_id":"themes/Next/source/images/cc-by-nc.svg","path":"images/cc-by-nc.svg","modified":0,"renderable":1},{"_id":"themes/Next/source/images/cc-by-nd.svg","path":"images/cc-by-nd.svg","modified":0,"renderable":1},{"_id":"themes/Next/source/images/cc-by-sa.svg","path":"images/cc-by-sa.svg","modified":0,"renderable":1},{"_id":"themes/Next/source/images/cc-by.svg","path":"images/cc-by.svg","modified":0,"renderable":1},{"_id":"themes/Next/source/images/cc-zero.svg","path":"images/cc-zero.svg","modified":0,"renderable":1},{"_id":"themes/Next/source/images/favicon-16x16-next.png","path":"images/favicon-16x16-next.png","modified":0,"renderable":1},{"_id":"themes/Next/source/images/favicon-32x32-next.png","path":"images/favicon-32x32-next.png","modified":0,"renderable":1},{"_id":"themes/Next/source/images/logo.svg","path":"images/logo.svg","modified":0,"renderable":1},{"_id":"themes/Next/source/js/algolia-search.js","path":"js/algolia-search.js","modified":0,"renderable":1},{"_id":"themes/Next/source/js/bookmark.js","path":"js/bookmark.js","modified":0,"renderable":1},{"_id":"themes/Next/source/js/local-search.js","path":"js/local-search.js","modified":0,"renderable":1},{"_id":"themes/Next/source/js/motion.js","path":"js/motion.js","modified":0,"renderable":1},{"_id":"themes/Next/source/js/next-boot.js","path":"js/next-boot.js","modified":0,"renderable":1},{"_id":"themes/Next/source/js/utils.js","path":"js/utils.js","modified":0,"renderable":1},{"_id":"themes/Next/source/lib/anime.min.js","path":"lib/anime.min.js","modified":0,"renderable":1},{"_id":"themes/Next/source/js/schemes/muse.js","path":"js/schemes/muse.js","modified":0,"renderable":1},{"_id":"themes/Next/source/js/schemes/pisces.js","path":"js/schemes/pisces.js","modified":0,"renderable":1},{"_id":"themes/Next/source/lib/velocity/velocity.min.js","path":"lib/velocity/velocity.min.js","modified":0,"renderable":1},{"_id":"themes/Next/source/lib/velocity/velocity.ui.min.js","path":"lib/velocity/velocity.ui.min.js","modified":0,"renderable":1},{"_id":"themes/Next/source/lib/font-awesome/css/all.min.css","path":"lib/font-awesome/css/all.min.css","modified":0,"renderable":1},{"_id":"themes/Next/source/lib/font-awesome/webfonts/fa-brands-400.woff2","path":"lib/font-awesome/webfonts/fa-brands-400.woff2","modified":0,"renderable":1},{"_id":"themes/Next/source/lib/font-awesome/webfonts/fa-regular-400.woff2","path":"lib/font-awesome/webfonts/fa-regular-400.woff2","modified":0,"renderable":1},{"_id":"themes/Next/source/lib/font-awesome/webfonts/fa-solid-900.woff2","path":"lib/font-awesome/webfonts/fa-solid-900.woff2","modified":0,"renderable":1}],"Cache":[{"_id":"source/_posts/page1.md","hash":"2c7603f15cde9003c1be18c97a9f13af22ed3bc1","modified":1665020877838},{"_id":"themes/Next/.editorconfig","hash":"731c650ddad6eb0fc7c3d4a91cad1698fe7ad311","modified":1661838940000},{"_id":"themes/Next/.gitattributes","hash":"3e00e1fb043438cd820d94ee3dc9ffb6718996f3","modified":1661838940000},{"_id":"themes/Next/.eslintrc.json","hash":"d3c11de434171d55d70daadd3914bc33544b74b8","modified":1661838940000},{"_id":"themes/Next/.gitignore","hash":"83418530da80e6a78501e1d62a89c3bf5cbaec3d","modified":1661838940000},{"_id":"themes/Next/.stylintrc","hash":"6259e2a0b65d46865ab89564b88fc67638668295","modified":1661838940000},{"_id":"themes/Next/.travis.yml","hash":"379f31a140ce41e441442add6f673bf397d863ea","modified":1661838940000},{"_id":"themes/Next/LICENSE.md","hash":"0a9c7399f102b4eb0a6950dd31264be421557c7d","modified":1661838940000},{"_id":"themes/Next/_config.yml","hash":"577563ac8ab631ef813c74d85d182513ae5d12cf","modified":1665026657419},{"_id":"themes/Next/README.md","hash":"7d56751b580d042559b2acf904fca4b42bcb30a7","modified":1661838940000},{"_id":"themes/Next/crowdin.yml","hash":"4a53f5985e545c635cb56b2a57ed290cb8cf8942","modified":1661838940000},{"_id":"themes/Next/package.json","hash":"b099e7cea4406e209130410d13de87988ba37b2a","modified":1661838940000},{"_id":"themes/Next/gulpfile.js","hash":"0c76a1ac610ee8cbe8e2cc9cca1c925ffd0edf98","modified":1661838940000},{"_id":"themes/Next/.github/CODE_OF_CONDUCT.md","hash":"778b7e052993ed59f21ed266ba7119ee2e5253fb","modified":1661838940000},{"_id":"themes/Next/.github/PULL_REQUEST_TEMPLATE.md","hash":"d2f8e6b65783e31787feb05d2ccea86151f53f35","modified":1661838940000},{"_id":"themes/Next/.github/config.yml","hash":"df3d970700e6b409edc3d23be8d553db78d5ba3f","modified":1661838940000},{"_id":"themes/Next/.github/CONTRIBUTING.md","hash":"5ddde54fb50d11dc08cec899a3588addb56aa386","modified":1661838940000},{"_id":"themes/Next/.github/issue-close-app.yml","hash":"b14756e65546eb9ecc9d4393f0c9a84a3dac1824","modified":1661838940000},{"_id":"themes/Next/.github/issue_label_bot.yaml","hash":"533fbe6b2f87d7e7ec6949063bb7ea7eb4fbe52d","modified":1661838940000},{"_id":"themes/Next/.github/lock.yml","hash":"3ce3d0a26030a1cd52b273cc6a6d444d7c8d85c2","modified":1661838940000},{"_id":"themes/Next/.github/mergeable.yml","hash":"1c1cb77a62df1e3654b151c2da34b4a10d351170","modified":1661838940000},{"_id":"themes/Next/.github/stale.yml","hash":"590b65aca710e0fba75d3cf5361a64d13b6b0f63","modified":1661838940000},{"_id":"themes/Next/docs/AGPL3.md","hash":"f463f95b169d64983f59fa6f3e4b6760290a0e6b","modified":1661838940000},{"_id":"themes/Next/.github/support.yml","hash":"7ce2722d6904c31a086444c422dc49b6aa310651","modified":1661838940000},{"_id":"themes/Next/docs/ALGOLIA-SEARCH.md","hash":"60c7e9ef0c578deebad43e9395c958fa61096baf","modified":1661838940000},{"_id":"themes/Next/.github/release-drafter.yml","hash":"09c3352b2d643acdc6839601ceb38abc38ab97c5","modified":1661838940000},{"_id":"themes/Next/docs/AUTHORS.md","hash":"cde7cc095ac31b421a573042cf61060f90d9ad0d","modified":1661838940000},{"_id":"themes/Next/docs/DATA-FILES.md","hash":"980fb8d37701f7fd96b30bb911519de3bbb473d1","modified":1661838940000},{"_id":"themes/Next/docs/INSTALLATION.md","hash":"07ea00bee149a1bdc9073e903ee6b411e9f2f818","modified":1661838940000},{"_id":"themes/Next/docs/LEANCLOUD-COUNTER-SECURITY.md","hash":"6cc663db5e99fd86bb993c10d446ad26ada88e58","modified":1661838940000},{"_id":"themes/Next/docs/LICENSE.txt","hash":"ae5ad07e4f4106bad55535dba042221539e6c7f9","modified":1661838940000},{"_id":"themes/Next/docs/MATH.md","hash":"f56946053ade0915ff7efa74d43c38b8dd9e63bb","modified":1661838940000},{"_id":"themes/Next/docs/UPDATE-FROM-5.1.X.md","hash":"1e86d32063b490d204baa9d45d8d3cb22c24a37d","modified":1661838940000},{"_id":"themes/Next/layout/_layout.swig","hash":"9554bd0f5c5a0438aa7b64065be5561c374d260e","modified":1661838940000},{"_id":"themes/Next/layout/archive.swig","hash":"d9bca77f6dcfef71e300a294f731bead11ce199f","modified":1661838940000},{"_id":"themes/Next/layout/category.swig","hash":"c546b017a956faaa5f5643c7c8a363af7ac9d6b9","modified":1661838940000},{"_id":"themes/Next/layout/page.swig","hash":"357d916694d4c9a0fd1140fa56d3d17e067d8b52","modified":1661838940000},{"_id":"themes/Next/layout/index.swig","hash":"8dfd96fb6f833dd5d037de800813105654e8e8e6","modified":1661838940000},{"_id":"themes/Next/languages/de.yml","hash":"15078b7ede1b084e8a6a15d271f0db9c325bd698","modified":1661838940000},{"_id":"themes/Next/languages/en.yml","hash":"dbb64776f9c001c54d0058256c415a9a0724ed5d","modified":1661838940000},{"_id":"themes/Next/languages/ar.yml","hash":"abcf220bd615cec0dd50e4d98da56580169d77e1","modified":1661838940000},{"_id":"themes/Next/languages/default.yml","hash":"ea5e6aee4cb14510793ac4593a3bddffe23e530c","modified":1661838940000},{"_id":"themes/Next/languages/es.yml","hash":"f064c793d56a5e0f20cda93b6f0e355044efc7d8","modified":1661838940000},{"_id":"themes/Next/layout/post.swig","hash":"5f0b5ba2e0a5b763be5e7e96611865e33bba24d7","modified":1661838940000},{"_id":"themes/Next/languages/fa.yml","hash":"6c0a7d5bcc26eb45a9f3e02f13117c668e77fffd","modified":1661838940000},{"_id":"themes/Next/layout/tag.swig","hash":"d44ff8755727f6532e86fc9fc8dc631200ffe161","modified":1661838940000},{"_id":"themes/Next/languages/fr.yml","hash":"3e2f89d4bb4441d33ecc7b5a4ee114f627603391","modified":1661838940000},{"_id":"themes/Next/languages/hu.yml","hash":"0ea89ffaefd02a10494995f05a2a59d5e5679a28","modified":1661838940000},{"_id":"themes/Next/languages/id.yml","hash":"7599bb0ecf278beb8fde3d17bfc148a3241aef82","modified":1661838940000},{"_id":"themes/Next/languages/ko.yml","hash":"af4be6cb394abd4e2e9a728418897d2ed4cc5315","modified":1661838940000},{"_id":"themes/Next/languages/ja.yml","hash":"bf279d0eb1911806d01a12f27261fbc76a3bb3f9","modified":1661838940000},{"_id":"themes/Next/languages/nl.yml","hash":"9749cf90b250e631dd550a4f32ada3bb20f66dd0","modified":1661838940000},{"_id":"themes/Next/languages/pt-BR.yml","hash":"69aa3bef5710b61dc9a0f3b3a8f52f88c4d08c00","modified":1661838940000},{"_id":"themes/Next/languages/pt.yml","hash":"f6606dd0b916a465c233f24bd9a70adce34dc8d6","modified":1661838940000},{"_id":"themes/Next/languages/ru.yml","hash":"012abc694cf9de281a0610f95f79c594f0a16562","modified":1661838940000},{"_id":"themes/Next/languages/tr.yml","hash":"c4e9ab7e047ae13a19f147c6bec163c3ba2c6898","modified":1661838940000},{"_id":"themes/Next/languages/uk.yml","hash":"69ef00b1b8225920fcefff6a6b6f2f3aad00b4ce","modified":1661838940000},{"_id":"themes/Next/languages/it.yml","hash":"46222f468e66789e9ba13095809eb5e5b63edf30","modified":1661838940000},{"_id":"themes/Next/languages/vi.yml","hash":"6a578cc28773bd764f4418110500478f185d6efa","modified":1661838940000},{"_id":"themes/Next/languages/zh-CN.yml","hash":"81d73e21402dad729053a3041390435f43136a68","modified":1661838940000},{"_id":"themes/Next/languages/zh-HK.yml","hash":"92ccee40c234626bf0142152949811ebe39fcef2","modified":1661838940000},{"_id":"themes/Next/scripts/renderer.js","hash":"e3658eea97b1183ee2e9f676231e53f7994741f6","modified":1661838940000},{"_id":"themes/Next/languages/zh-TW.yml","hash":"cf0740648725983fb88409d6501876f8b79db41d","modified":1661838940000},{"_id":"themes/Next/.github/ISSUE_TEMPLATE/other.md","hash":"d5aa1a3323639a36bcd9a401484b67537043cd3c","modified":1661838940000},{"_id":"themes/Next/.github/ISSUE_TEMPLATE/question.md","hash":"59275aa0582f793fee7be67904dcf52ad33a7181","modified":1661838940000},{"_id":"themes/Next/.github/ISSUE_TEMPLATE/feature-request.md","hash":"6beeca0f45a429cd932b6e648617f548ff64c27c","modified":1661838940000},{"_id":"themes/Next/.github/ISSUE_TEMPLATE/bug-report.md","hash":"e67146befddec3a0dc47dc80d1109070c71d5d04","modified":1661838940000},{"_id":"themes/Next/docs/ru/DATA-FILES.md","hash":"54e6a067ed95268eab6be2ba040a7e9b1907928e","modified":1661838940000},{"_id":"themes/Next/docs/ru/INSTALLATION.md","hash":"a9cfe5ac9ef727a8650b2b6584482751a26b1460","modified":1661838940000},{"_id":"themes/Next/docs/ru/README.md","hash":"1e5ddb26ad6f931f8c06ce2120f257ff38b74fdf","modified":1661838940000},{"_id":"themes/Next/docs/ru/UPDATE-FROM-5.1.X.md","hash":"cb8e39c377fc4a14aaf133b4d1338a48560e9e65","modified":1661838940000},{"_id":"themes/Next/docs/zh-CN/ALGOLIA-SEARCH.md","hash":"3202be9a8d31986caac640e7a4c7ce22e99917eb","modified":1661838940000},{"_id":"themes/Next/docs/zh-CN/DATA-FILES.md","hash":"2d868cd271d78b08775e28c5b976de8836da4455","modified":1661838940000},{"_id":"themes/Next/docs/zh-CN/CODE_OF_CONDUCT.md","hash":"7e6f227f2aaf30f400d4c065650a4e3d0d61b9e1","modified":1661838940000},{"_id":"themes/Next/docs/zh-CN/CONTRIBUTING.md","hash":"611f2930c2b281b80543531b1bf33d082531456a","modified":1661838940000},{"_id":"themes/Next/docs/zh-CN/INSTALLATION.md","hash":"716111dd36d276f463c707dfcc9937fea2a1cf7a","modified":1661838940000},{"_id":"themes/Next/docs/zh-CN/MATH.md","hash":"0d46f9f50cf2e4183970adce705d1041155b0d37","modified":1661838940000},{"_id":"themes/Next/docs/zh-CN/README.md","hash":"8f7c0d0b766024152591d4ccfac715c8e18b37f3","modified":1661838940000},{"_id":"themes/Next/docs/zh-CN/UPDATE-FROM-5.1.X.md","hash":"b3201934b966bc731eaf8a4dad4ba4bdcd300c10","modified":1661838940000},{"_id":"themes/Next/docs/zh-CN/LEANCLOUD-COUNTER-SECURITY.md","hash":"50ab381c27611d5bf97bb3907b5ca9998f28187d","modified":1661838940000},{"_id":"themes/Next/layout/_macro/sidebar.swig","hash":"5bffdb1448caca7db7b1f84e1693e6657a106d50","modified":1661838940000},{"_id":"themes/Next/layout/_macro/post.swig","hash":"c3fd56bac90ce45a0c79ddfe68beb223ad0d72b4","modified":1661838940000},{"_id":"themes/Next/layout/_partials/comments.swig","hash":"142efb4c6b73d8f736f6784804b40d5871333172","modified":1661838940000},{"_id":"themes/Next/layout/_partials/languages.swig","hash":"c3ea82604a5853fb44c5f4e4663cbe912aa5dcf8","modified":1661838940000},{"_id":"themes/Next/layout/_macro/post-collapse.swig","hash":"30ade8c806d7826cc50a4a3e46a9e6213fddf333","modified":1661838940000},{"_id":"themes/Next/layout/_partials/footer.swig","hash":"9ff0025e0ed429bf48cc82191883a6c1b52c00a3","modified":1661838940000},{"_id":"themes/Next/layout/_partials/pagination.swig","hash":"2de77d533c91532a8a4052000244d0c1693370df","modified":1661838940000},{"_id":"themes/Next/layout/_scripts/index.swig","hash":"1822eaf55bbb4bec88871c324fc18ad95580ccb4","modified":1661838940000},{"_id":"themes/Next/layout/_partials/widgets.swig","hash":"5392dcbb504266f0f61d5b8219914068ef9cdc25","modified":1661838940000},{"_id":"themes/Next/layout/_scripts/noscript.swig","hash":"7b9e0f776a5be6c3f95bc7f394e1424ba02ba93b","modified":1661838940000},{"_id":"themes/Next/layout/_scripts/pjax.swig","hash":"ccff5a773644d33ff22f6b45b6734f52b048f22b","modified":1661838940000},{"_id":"themes/Next/layout/_scripts/three.swig","hash":"6b092c6d882b2dfa5273e1b3f60b244cb7c29fcd","modified":1661838940000},{"_id":"themes/Next/layout/_scripts/vendors.swig","hash":"244ca2d74ee0d497c87572c6a26b43c62a952673","modified":1661838940000},{"_id":"themes/Next/layout/_third-party/index.swig","hash":"c6b63cbc80938e6e09578b8c67e01adf13a9e3bd","modified":1661838940000},{"_id":"themes/Next/layout/_third-party/baidu-push.swig","hash":"28b0a7e843ec4365db1963646659a153753cd746","modified":1661838940000},{"_id":"themes/Next/layout/_third-party/quicklink.swig","hash":"5ae5adcd6f63ed98b2071e4f7e5e38c4d7d24e1b","modified":1661838940000},{"_id":"themes/Next/layout/_third-party/rating.swig","hash":"269102fc5e46bd1ce75abdcce161f0570ae70e2f","modified":1661838940000},{"_id":"themes/Next/source/css/_colors.styl","hash":"11aef31a8e76f0f332a274a8bfd4537b73d4f88f","modified":1661838940000},{"_id":"themes/Next/source/images/algolia_logo.svg","hash":"45eeea0b5fba833e21e38ea10ed5ab385ceb4f01","modified":1661838940000},{"_id":"themes/Next/source/images/apple-touch-icon-next.png","hash":"2959dbc97f31c80283e67104fe0854e2369e40aa","modified":1661838940000},{"_id":"themes/Next/source/css/main.styl","hash":"815ef30987d02f3d76dbe4b5ee3a72135a152678","modified":1661838940000},{"_id":"themes/Next/source/css/_mixins.styl","hash":"072a3fa473c19b20ccd7536a656cda044dbdae0a","modified":1661838940000},{"_id":"themes/Next/source/images/avatar.gif","hash":"18c53e15eb0c84b139995f9334ed8522b40aeaf6","modified":1661838940000},{"_id":"themes/Next/source/images/cc-by-nc-nd.svg","hash":"bc3588c9b2d7c68830524783120ff6cf957cf668","modified":1661838940000},{"_id":"themes/Next/source/images/cc-by-nc-sa.svg","hash":"6f55543d1fb9cbc436c101d24f802dec7b41efc3","modified":1661838940000},{"_id":"themes/Next/source/images/cc-by-nc.svg","hash":"6f076713fb9bf934aa2c1046bdf2cf2e37bc1eab","modified":1661838940000},{"_id":"themes/Next/source/images/cc-by-nd.svg","hash":"42cd73da328077ccc92f859bb8f3cf621b3484f8","modified":1661838940000},{"_id":"themes/Next/source/images/cc-by-sa.svg","hash":"70c1535f43e54e5ff35ca81419e77e4c0c301398","modified":1661838940000},{"_id":"themes/Next/source/images/cc-by.svg","hash":"e92a33c32d1dac8ed94849b2b4e6456e887efe70","modified":1661838940000},{"_id":"themes/Next/source/images/favicon-16x16-next.png","hash":"943a0d67a9cdf8c198109b28f9dbd42f761d11c3","modified":1661838940000},{"_id":"themes/Next/source/images/cc-zero.svg","hash":"9bfb52b2f63527a7049247bf00d44e6dc1170e7d","modified":1661838940000},{"_id":"themes/Next/source/images/favicon-32x32-next.png","hash":"0749d7b24b0d2fae1c8eb7f671ad4646ee1894b1","modified":1661838940000},{"_id":"themes/Next/source/images/logo.svg","hash":"169f56fd82941591dad3abd734a50ec7259be950","modified":1661838940000},{"_id":"themes/Next/source/js/algolia-search.js","hash":"6a813410e33824d7acc65a369a2983912bb3420c","modified":1661838940000},{"_id":"themes/Next/source/js/bookmark.js","hash":"9f05fd3672789311dc0cf5b37e40dc654cb04a2a","modified":1661838940000},{"_id":"themes/Next/source/js/local-search.js","hash":"cfa6a0f3f9c2bc759ee507668a21f4e8f250f42a","modified":1661838940000},{"_id":"themes/Next/source/js/motion.js","hash":"d5aa1a08cdf3c8d1d8d550fb1801274cc41e5874","modified":1661838940000},{"_id":"themes/Next/source/js/next-boot.js","hash":"250d8dcd6322e69e3fbadd0f3e37081c97b47c52","modified":1661838940000},{"_id":"themes/Next/source/js/utils.js","hash":"26a82e46fdcadc7c3c2c56a7267284b61a26f7f3","modified":1661838940000},{"_id":"themes/Next/source/lib/anime.min.js","hash":"960be51132134acd65c2017cc8a5d69cb419a0cd","modified":1661838940000},{"_id":"themes/Next/scripts/events/index.js","hash":"5c355f10fe8c948a7f7cd28bd8120adb7595ebde","modified":1661838940000},{"_id":"themes/Next/scripts/filters/front-matter.js","hash":"305d03c1e45782988809298c3e3b3c5d5ee438aa","modified":1661838940000},{"_id":"themes/Next/scripts/filters/default-injects.js","hash":"ad321db012cea520066deb0639335e9bc0dcc343","modified":1661838940000},{"_id":"themes/Next/scripts/filters/locals.js","hash":"a5e7d05d3bd2ae6dcffad5a8ea0f72c6e55dbd02","modified":1661838940000},{"_id":"themes/Next/scripts/filters/minify.js","hash":"21196a48cb127bf476ce598f25f24e8a53ef50c2","modified":1661838940000},{"_id":"themes/Next/scripts/filters/post.js","hash":"57f2d817578dd97e206942604365e936a49854de","modified":1661838940000},{"_id":"themes/Next/scripts/helpers/engine.js","hash":"eb6b8bbc1dce4846cd5e0fac0452dbff56d07b5d","modified":1661838940000},{"_id":"themes/Next/scripts/helpers/font.js","hash":"8fb1c0fc745df28e20b96222974402aab6d13a79","modified":1661838940000},{"_id":"themes/Next/scripts/helpers/next-config.js","hash":"b8d7ddfa4baa9b8d6b9066a634aa81c6243beec9","modified":1661838940000},{"_id":"themes/Next/scripts/helpers/next-url.js","hash":"4044129368d0e2811859a9661cad8ab47118bc32","modified":1661838940000},{"_id":"themes/Next/scripts/tags/button.js","hash":"bb0e8abbc0a6d5b3a1a75a23976f2ac3075aab31","modified":1661838940000},{"_id":"themes/Next/scripts/tags/caniuse.js","hash":"840536754121e0da5968f5ad235f29200fc5d769","modified":1661838940000},{"_id":"themes/Next/scripts/tags/center-quote.js","hash":"e2d0184bc4a557e1017395b80ff46880078d8537","modified":1661838940000},{"_id":"themes/Next/scripts/tags/group-pictures.js","hash":"93ccd3f99d3cb42674f29183c756df63acb5d7f8","modified":1661838940000},{"_id":"themes/Next/scripts/tags/label.js","hash":"fc83f4e1be2c34e81cb79938f4f99973eba1ea60","modified":1661838940000},{"_id":"themes/Next/scripts/tags/mermaid.js","hash":"81134494ff0134c0dae1b3815caf6606fccd4e46","modified":1661838940000},{"_id":"themes/Next/scripts/tags/note.js","hash":"1fdf4f95810fdb983bfd5ad4c4f13fedd4ea2f8d","modified":1661838940000},{"_id":"themes/Next/scripts/tags/pdf.js","hash":"37b53661ad00a01a2ca7d2e4a5ad3a926073f8e2","modified":1661838940000},{"_id":"themes/Next/scripts/tags/tabs.js","hash":"c70a4a66fd0c28c98ccb6c5d5f398972e5574d28","modified":1661838940000},{"_id":"themes/Next/scripts/tags/video.js","hash":"944293fec96e568d9b09bc1280d5dbc9ee1bbd17","modified":1661838940000},{"_id":"themes/Next/layout/_partials/head/head-unique.swig","hash":"7d638e413f2548fc990c4a467dd03de6c81fc960","modified":1661838940000},{"_id":"themes/Next/layout/_partials/head/head.swig","hash":"4ae44752858440a38c602747190795427097ce59","modified":1665026071774},{"_id":"themes/Next/layout/_partials/header/index.swig","hash":"0dd316f153c492c0a03bd0273d50fa322bc81f11","modified":1661838940000},{"_id":"themes/Next/layout/_partials/header/menu-item.swig","hash":"4baa86ca631168fc6388d27f4b1b501b40c877a8","modified":1661838940000},{"_id":"themes/Next/layout/_partials/header/menu.swig","hash":"90d3eaba6fbe69bee465ddd67c467fd2c0239dc4","modified":1661838940000},{"_id":"themes/Next/layout/_partials/header/brand.swig","hash":"91056a6c98cca63ff8cc6956e531ee3faf4b8ad9","modified":1661838940000},{"_id":"themes/Next/layout/_partials/header/sub-menu.swig","hash":"bed6cc2b48cf2655036ba39c9bae73a295228a4d","modified":1661838940000},{"_id":"themes/Next/layout/_partials/page/breadcrumb.swig","hash":"91c0addb33006619faa4c32e5d66874e25f1e9b3","modified":1661838940000},{"_id":"themes/Next/layout/_partials/page/page-header.swig","hash":"8d4e3dd0d3631ce0b21bc15c259f6ac886de631d","modified":1661838940000},{"_id":"themes/Next/layout/_partials/post/post-copyright.swig","hash":"f2eb455c8bf13533427254f0c9b4b17b2498168b","modified":1661838940000},{"_id":"themes/Next/layout/_partials/post/post-followme.swig","hash":"d8f785c062c6b0763a778bd4a252e6f5fee0e432","modified":1661838940000},{"_id":"themes/Next/layout/_partials/post/post-footer.swig","hash":"ce712c110b5ce8aacba7a86b0558ff89700675c9","modified":1661838940000},{"_id":"themes/Next/layout/_partials/post/post-related.swig","hash":"bc7b047a6246df07767373644b1637d91c3a88b1","modified":1661838940000},{"_id":"themes/Next/layout/_partials/post/post-reward.swig","hash":"f349a226e5370075bb6924e60da8b0170c7cfcc1","modified":1661838940000},{"_id":"themes/Next/layout/_partials/search/algolia-search.swig","hash":"98fd1f5df044f4534e1d4ca9ab092ba5761739a9","modified":1661838940000},{"_id":"themes/Next/layout/_partials/search/index.swig","hash":"a6c761d5193cb6f22e9422dbbcf209e05471b0ed","modified":1661838940000},{"_id":"themes/Next/layout/_partials/search/localsearch.swig","hash":"128f7d679bb4d53b29203d598d217f029a66dee7","modified":1661838940000},{"_id":"themes/Next/layout/_partials/sidebar/site-overview.swig","hash":"7b2ef5db9615267a24b884388925de1e9b447c1f","modified":1661838940000},{"_id":"themes/Next/layout/_scripts/pages/schedule.swig","hash":"34c05e9d73b0f081db70990c296b6d6a0f8ea2ca","modified":1661838940000},{"_id":"themes/Next/layout/_scripts/schemes/mist.swig","hash":"0b44f400ec00d2b5add5ee96c11d22465c432376","modified":1661838940000},{"_id":"themes/Next/layout/_scripts/schemes/muse.swig","hash":"0b44f400ec00d2b5add5ee96c11d22465c432376","modified":1661838940000},{"_id":"themes/Next/layout/_scripts/schemes/pisces.swig","hash":"34495d408e8467555afee489500b8aad98c52079","modified":1661838940000},{"_id":"themes/Next/layout/_third-party/analytics/baidu-analytics.swig","hash":"84adaadd83ce447fa9da2cff19006334c9fcbff9","modified":1661838940000},{"_id":"themes/Next/layout/_third-party/analytics/google-analytics.swig","hash":"b8819bd056f8a580c5556d4415836a906ed5d7a4","modified":1661838940000},{"_id":"themes/Next/layout/_third-party/analytics/growingio.swig","hash":"91c2cb900c76224c5814eeb842d1d5f517f9bf05","modified":1661838940000},{"_id":"themes/Next/layout/_third-party/analytics/index.swig","hash":"85b60e222712ca3b2c4dc2039de2dc36b8d82940","modified":1661838940000},{"_id":"themes/Next/layout/_scripts/schemes/gemini.swig","hash":"34495d408e8467555afee489500b8aad98c52079","modified":1661838940000},{"_id":"themes/Next/layout/_third-party/chat/chatra.swig","hash":"2642e8aef5afbe23a2a76efdc955dab2ee04ed48","modified":1661838940000},{"_id":"themes/Next/layout/_third-party/chat/tidio.swig","hash":"fb94ee487d75e484e59b7fba96e989f699ff8a83","modified":1661838940000},{"_id":"themes/Next/layout/_third-party/comments/changyan.swig","hash":"9298e6d6c4a62a0862fc0f4060ed99779d7b68cb","modified":1661838940000},{"_id":"themes/Next/layout/_third-party/comments/disqus.swig","hash":"1b29b99fa921f12c25d3dc95facdf84ef7bb1b5c","modified":1661838940000},{"_id":"themes/Next/layout/_third-party/comments/disqusjs.swig","hash":"a42f97eda3748583bac2253c47fe5dfa54f07b8f","modified":1661838940000},{"_id":"themes/Next/layout/_third-party/comments/gitalk.swig","hash":"606ad14a29320157df9b8f33738282c51bb393d9","modified":1661838940000},{"_id":"themes/Next/layout/_third-party/comments/livere.swig","hash":"3d91899ca079e84d95087b882526d291e6f53918","modified":1661838940000},{"_id":"themes/Next/layout/_third-party/comments/valine.swig","hash":"ae2707d6e47582bb470c075649ec7bad86a6d5a9","modified":1661838940000},{"_id":"themes/Next/layout/_third-party/math/index.swig","hash":"59df21fcfe9d0ada8cee3188cb1075529c1c3eb8","modified":1661838940000},{"_id":"themes/Next/layout/_third-party/math/katex.swig","hash":"276f523e414d4aa7f350a8f2fd3df8a3d8ea9656","modified":1661838940000},{"_id":"themes/Next/layout/_third-party/math/mathjax.swig","hash":"1f34b2d3c753a3589ab6c462880bd4eb7df09914","modified":1661838940000},{"_id":"themes/Next/layout/_third-party/search/algolia-search.swig","hash":"fd726aad77a57b288f07d6998ec29291c67c7cbb","modified":1661838940000},{"_id":"themes/Next/layout/_third-party/search/localsearch.swig","hash":"58296a5c1883f26464c2a5ccf734c19f5fbf395a","modified":1661838940000},{"_id":"themes/Next/layout/_third-party/search/swiftype.swig","hash":"aa6ab95b8b76611694613defb4bf25003d1b927f","modified":1661838940000},{"_id":"themes/Next/layout/_third-party/statistics/cnzz-analytics.swig","hash":"53a0760c75d5aaabb3ce8e8aa8e003510d59807f","modified":1661838940000},{"_id":"themes/Next/layout/_third-party/statistics/index.swig","hash":"964cd6bac668cf6d211a2624fbef3948cfdece55","modified":1661838940000},{"_id":"themes/Next/layout/_third-party/statistics/firestore.swig","hash":"01d94354d07e72cad47100482068b6be69fcc033","modified":1661838940000},{"_id":"themes/Next/layout/_third-party/statistics/lean-analytics.swig","hash":"c171ea94e9afbba97f06856904264da331559463","modified":1661838940000},{"_id":"themes/Next/layout/_third-party/tags/mermaid.swig","hash":"619338ddacf01e3df812e66a997e778f672f4726","modified":1661838940000},{"_id":"themes/Next/layout/_third-party/tags/pdf.swig","hash":"5a223b60406cee7438cfe3a5e41d1284425aa7a5","modified":1661838940000},{"_id":"themes/Next/layout/_third-party/statistics/busuanzi-counter.swig","hash":"d2f0e4c598410ec33785abe302c7ea7492bb791a","modified":1661838940000},{"_id":"themes/Next/source/css/_variables/Gemini.styl","hash":"583ff1e7a2ca889f1f54eb0ca793894466823c7c","modified":1661838940000},{"_id":"themes/Next/source/css/_variables/Mist.styl","hash":"5980abbbbeacd8541121f436fa414d24ad5e97c2","modified":1661838940000},{"_id":"themes/Next/source/css/_variables/Muse.styl","hash":"c22b58af3327236ec54d5706501aa5a20e15012e","modified":1661838940000},{"_id":"themes/Next/source/css/_variables/Pisces.styl","hash":"4e33774b1fe6d0a51f3a428c54c5e600e83bf154","modified":1661838940000},{"_id":"themes/Next/source/js/schemes/muse.js","hash":"a18559a9c332199efad0100cf84bb0c23fc0f17a","modified":1661838940000},{"_id":"themes/Next/source/js/schemes/pisces.js","hash":"b85a6e2af1387fe64b51e7cd3e2da8616e6f5a3f","modified":1661838940000},{"_id":"themes/Next/source/css/_variables/base.styl","hash":"ad680efdfb2f86546182bf3f59886efbcf3c1b2d","modified":1661838940000},{"_id":"themes/Next/source/lib/velocity/velocity.min.js","hash":"bf172816a9c57f9040e3d19c24e181a142daf92b","modified":1661838940000},{"_id":"themes/Next/source/lib/velocity/velocity.ui.min.js","hash":"dde584994ac13dc601836e86f4cf490e418d9723","modified":1661838940000},{"_id":"themes/Next/scripts/events/lib/config.js","hash":"aefe3b38a22bc155d485e39187f23e4f2ee5680a","modified":1661838940000},{"_id":"themes/Next/scripts/events/lib/injects-point.js","hash":"08496b71c9939718e7955704d219e44d7109247b","modified":1661838940000},{"_id":"themes/Next/scripts/events/lib/injects.js","hash":"e73f697bb160b223fdde783237148be5f41c1d78","modified":1661838940000},{"_id":"themes/Next/scripts/filters/comment/changyan.js","hash":"2f22f48f7370470cef78561a47c2a47c78035385","modified":1661838940000},{"_id":"themes/Next/scripts/filters/comment/common.js","hash":"713056d33dbcd8e9748205c5680b456c21174f4e","modified":1661838940000},{"_id":"themes/Next/scripts/filters/comment/default-config.js","hash":"0c3bea89d64bc12c1bbe6f208a83773c6fb5375a","modified":1661838940000},{"_id":"themes/Next/scripts/filters/comment/disqus.js","hash":"3a80559df0b670ccb065ea9d3bb587d0b61be3a4","modified":1661838940000},{"_id":"themes/Next/scripts/filters/comment/disqusjs.js","hash":"67cf90d9a2428c14eb113a64bdd213c22a019aef","modified":1661838940000},{"_id":"themes/Next/scripts/filters/comment/livere.js","hash":"a4f3153ac76a7ffdf6cc70f52f1b2cc218ed393e","modified":1661838940000},{"_id":"themes/Next/scripts/filters/comment/valine.js","hash":"851359f5ff90f733a9bd7fe677edbee8b8ac714c","modified":1661838940000},{"_id":"themes/Next/source/css/_common/components/components.styl","hash":"d17236df3b4d6def1e4e81133ef4729c390de3ac","modified":1661838940000},{"_id":"themes/Next/source/css/_common/components/back-to-top-sidebar.styl","hash":"510a6f0ba7485dd54ce347cca890ab52c4957081","modified":1661838940000},{"_id":"themes/Next/source/css/_common/components/back-to-top.styl","hash":"0534b329d279a6f255112b3305ff92c810f31724","modified":1661838940000},{"_id":"themes/Next/source/css/_common/components/reading-progress.styl","hash":"c52648a7b09f9fe37858f5694fcc1ffc709ad147","modified":1661838940000},{"_id":"themes/Next/scripts/filters/comment/gitalk.js","hash":"323a47df6ded894944a2647db44556d6163e67c4","modified":1661838940000},{"_id":"themes/Next/source/css/_common/scaffolding/base.styl","hash":"5540c9259cb7895a5f10a289c7937e5470a7c134","modified":1661838940000},{"_id":"themes/Next/source/css/_common/scaffolding/buttons.styl","hash":"45f4badac6ec45cf24355f6157aece1d4d3f1134","modified":1661838940000},{"_id":"themes/Next/source/css/_common/scaffolding/pagination.styl","hash":"b619f39e18398422e0ac4999d8f042a5eaebe9cd","modified":1661838940000},{"_id":"themes/Next/source/css/_common/scaffolding/normalize.styl","hash":"6d740699fb6a7640647a8fd77c4ea4992d8d6437","modified":1661838940000},{"_id":"themes/Next/source/css/_common/scaffolding/toggles.styl","hash":"20e0e3e3eba384930c022e21511214d244b4c9e7","modified":1661838940000},{"_id":"themes/Next/source/css/_common/scaffolding/scaffolding.styl","hash":"43045d115f8fe95732c446aa45bf1c97609ff2a5","modified":1661838940000},{"_id":"themes/Next/source/css/_common/scaffolding/comments.styl","hash":"4b068d0d898f4e624937503f0e1428993050bd65","modified":1661838940000},{"_id":"themes/Next/source/css/_schemes/Gemini/index.styl","hash":"e342b8f8e11a3a6aa5a029912c9778c25bf5d135","modified":1661838940000},{"_id":"themes/Next/source/css/_schemes/Mist/_header.styl","hash":"b9e87d32da24264bda247c1526afe140c858b0ef","modified":1661838940000},{"_id":"themes/Next/source/css/_common/outline/outline.styl","hash":"7a95c27762e1303bf06ee808c63f616cb192fcaf","modified":1661838940000},{"_id":"themes/Next/source/css/_schemes/Mist/_layout.styl","hash":"12b265f82840f27112ca2b1be497677f20f87545","modified":1661838940000},{"_id":"themes/Next/source/css/_schemes/Mist/_posts-expand.styl","hash":"e1c29b81a32273a0dedd926cda199a71aea72624","modified":1661838940000},{"_id":"themes/Next/source/css/_schemes/Mist/_menu.styl","hash":"716e8b0f056bf6393e6bc6969ac84598ab8e7a6f","modified":1661838940000},{"_id":"themes/Next/source/css/_common/scaffolding/tables.styl","hash":"f317d2e3886e94f5fbb8781c2e68edd19669ff58","modified":1661838940000},{"_id":"themes/Next/source/css/_schemes/Mist/index.styl","hash":"c5142739e01e9f25c8b32b2209af85c787bb2b42","modified":1661838940000},{"_id":"themes/Next/source/css/_schemes/Muse/_header.styl","hash":"8674bd88df076a1dfe4023ed6750ded1f5b00223","modified":1661838940000},{"_id":"themes/Next/source/css/_schemes/Muse/_sub-menu.styl","hash":"2d3e05015796a790abd9d68957a5c698c0c9f9b6","modified":1661838940000},{"_id":"themes/Next/source/css/_schemes/Muse/_layout.styl","hash":"49c76bc723d3952abb613d9d68398ed7305da999","modified":1661838940000},{"_id":"themes/Next/source/css/_schemes/Muse/index.styl","hash":"25c2a7930da14f023329df20f38df2728057fb4d","modified":1661838940000},{"_id":"themes/Next/source/css/_schemes/Muse/_sidebar.styl","hash":"9898323ee5a7ac2a5d4f633c653112280beb2643","modified":1661838940000},{"_id":"themes/Next/source/css/_schemes/Muse/_menu.styl","hash":"4b7f057dbb53efd7cbe7eac7835a793ab3cbb135","modified":1661838940000},{"_id":"themes/Next/source/css/_schemes/Pisces/_menu.styl","hash":"0a9f0d9eb042595502d200fb8c65efb0e6c89aa9","modified":1661838940000},{"_id":"themes/Next/source/css/_common/outline/mobile.styl","hash":"a2ee16cac29a82cfce26804c160286fcbee94161","modified":1661838940000},{"_id":"themes/Next/source/css/_schemes/Pisces/_sidebar.styl","hash":"dc9318992ce2eb086ebaa2fe56b325e56d24098b","modified":1661838940000},{"_id":"themes/Next/source/css/_schemes/Pisces/index.styl","hash":"25c2a7930da14f023329df20f38df2728057fb4d","modified":1661838940000},{"_id":"themes/Next/source/css/_schemes/Pisces/_header.styl","hash":"558794fced306339b98dc2b0ee7f0576802f1355","modified":1661838940000},{"_id":"themes/Next/source/css/_schemes/Pisces/_sub-menu.styl","hash":"b69ac38b9da8c9c1b7de696fdeea7f9d7705213a","modified":1661838940000},{"_id":"themes/Next/source/css/_schemes/Pisces/_layout.styl","hash":"5de34e1d8a290751641ae456c942410852d5e809","modified":1661838940000},{"_id":"themes/Next/source/lib/font-awesome/css/all.min.css","hash":"82e34d28f8a1169b20b60101d5bb0446deba3514","modified":1661838940000},{"_id":"themes/Next/source/lib/font-awesome/webfonts/fa-regular-400.woff2","hash":"260bb01acd44d88dcb7f501a238ab968f86bef9e","modified":1661838940000},{"_id":"themes/Next/source/css/_common/components/pages/categories.styl","hash":"18edddb2ffb3f85a68e4367f81e06c461e07bc25","modified":1661838940000},{"_id":"themes/Next/source/css/_common/components/pages/breadcrumb.styl","hash":"236a039b0900f4267de566b46f62314ad967d30f","modified":1661838940000},{"_id":"themes/Next/source/css/_common/components/pages/pages.styl","hash":"6cf78a379bb656cc0abb4ab80fcae60152ce41ad","modified":1661838940000},{"_id":"themes/Next/source/css/_common/components/pages/tag-cloud.styl","hash":"97974c231b4659b8aa5e9321c4d54db5c816d0db","modified":1661838940000},{"_id":"themes/Next/source/css/_common/components/pages/schedule.styl","hash":"f6f05f02d50f742c84ee5122016c0563a8bb2cf9","modified":1661838940000},{"_id":"themes/Next/source/css/_common/components/third-party/gitalk.styl","hash":"b87f4a06c0db893df4f756f24be182e1a4751f24","modified":1661838940000},{"_id":"themes/Next/source/css/_common/components/third-party/related-posts.styl","hash":"8ed7a9d5dfac592de703421b543978095129aa5b","modified":1661838940000},{"_id":"themes/Next/source/css/_common/components/third-party/math.styl","hash":"d83102771df652769e51ddfd041cf5f4ca1a041d","modified":1661838940000},{"_id":"themes/Next/source/css/_common/components/third-party/search.styl","hash":"bad99f4cccb93b3cefe990a2c85124e60698d32e","modified":1661838940000},{"_id":"themes/Next/source/css/_common/components/post/post-collapse.styl","hash":"a52f8cae599099231866298ed831fdf76c9b6717","modified":1661838940000},{"_id":"themes/Next/source/css/_common/components/third-party/third-party.styl","hash":"1f6b0d3ab227697ca115e57fd61122ea7950e19d","modified":1661838940000},{"_id":"themes/Next/source/css/_common/components/post/post-eof.styl","hash":"70b3eb9d36543ab92796ac163544e9cf51b7c1e6","modified":1661838940000},{"_id":"themes/Next/source/css/_common/components/post/post-expand.styl","hash":"f42442a5fde9926254b8b35a80186b32f776cec8","modified":1661838940000},{"_id":"themes/Next/source/css/_common/components/post/post-copyright.styl","hash":"9af620eba5ccceea21a0e3bc69f6f1fa7637c2f3","modified":1661838940000},{"_id":"themes/Next/source/css/_common/components/post/post-header.styl","hash":"93ba8172c0d2c37d738e6dbd44fcd5a2e23b92f3","modified":1661838940000},{"_id":"themes/Next/source/css/_common/components/post/post-reward.styl","hash":"66fc406796b6efe6cea76550573b7a632112406a","modified":1661838940000},{"_id":"themes/Next/source/css/_common/components/post/post-followme.styl","hash":"57b9a179675f1536e017cba457b6ac575e397c4f","modified":1661838940000},{"_id":"themes/Next/source/css/_common/components/post/post-gallery.styl","hash":"0dfb97703a519d9438f64f9e41ab1dd37381f733","modified":1661838940000},{"_id":"themes/Next/source/css/_common/components/post/post-rtl.styl","hash":"09dda2667628d1f91b2e37d8fc6df1413f961b64","modified":1661838940000},{"_id":"themes/Next/source/css/_common/components/post/post-tags.styl","hash":"5cc9e7394c927065c688cba5edd6e0a27587f1d8","modified":1661838940000},{"_id":"themes/Next/source/css/_common/components/post/post-widgets.styl","hash":"b266d2ce5e2b117be01537889e839a69004dc0bb","modified":1661838940000},{"_id":"themes/Next/source/css/_common/components/post/post.styl","hash":"fcd64c23d17775b3635325f6758b648d932e79b5","modified":1661838940000},{"_id":"themes/Next/source/css/_common/components/post/post-nav.styl","hash":"2c24829d95c742eb9e8316ebf2fbe9f2c168b59a","modified":1661838940000},{"_id":"themes/Next/source/css/_common/scaffolding/highlight/copy-code.styl","hash":"4079e616fbf36112dec0674c1e0713d1d9769068","modified":1661838940000},{"_id":"themes/Next/source/css/_common/scaffolding/highlight/diff.styl","hash":"83bd737f663a8461e66985af8ddbfc0a731fc939","modified":1661838940000},{"_id":"themes/Next/source/css/_common/scaffolding/highlight/highlight.styl","hash":"80488259271bcfe38031f4c2e902463daba9336b","modified":1661838940000},{"_id":"themes/Next/source/css/_common/scaffolding/tags/blockquote-center.styl","hash":"ceacfa6218f6084c71a230b086e5d2708d29927e","modified":1661838940000},{"_id":"themes/Next/source/css/_common/scaffolding/highlight/theme.styl","hash":"c911045b2ce9a66e38d9dd30c7ed078abbc10cbf","modified":1661838940000},{"_id":"themes/Next/source/css/_common/scaffolding/tags/label.styl","hash":"8b7aafb911850c73074cdb6cc87abe4ac8c12e99","modified":1661838940000},{"_id":"themes/Next/source/css/_common/scaffolding/tags/note.styl","hash":"adaf0f580fccf4158169eeaf534a18005b39a760","modified":1661838940000},{"_id":"themes/Next/source/css/_common/scaffolding/tags/group-pictures.styl","hash":"aca7bb220fc14ef2a8f96282d2a95a96a9238d46","modified":1661838940000},{"_id":"themes/Next/source/css/_common/scaffolding/tags/tabs.styl","hash":"3256e39f281f06751a1c0145d9806a0e56d68170","modified":1661838940000},{"_id":"themes/Next/source/css/_common/scaffolding/tags/pdf.styl","hash":"03a5bcecc0b12231462ef6ffe432fa77ee71beff","modified":1661838940000},{"_id":"themes/Next/source/css/_common/scaffolding/tags/tags.styl","hash":"51d46fa3c7c6b691c61a2c2b0ac005c97cfbf72b","modified":1661838940000},{"_id":"themes/Next/source/css/_common/outline/header/bookmark.styl","hash":"b4f4bae437d4f994af93cf142494ffcd86bae46b","modified":1661838940000},{"_id":"themes/Next/source/css/_common/outline/header/github-banner.styl","hash":"b31c86d1a4f89837f9187bed646bda96b2cd286c","modified":1661838940000},{"_id":"themes/Next/source/css/_common/outline/header/headerband.styl","hash":"6d5f26646e2914474f295de8bf6dc327d4acd529","modified":1661838940000},{"_id":"themes/Next/source/css/_common/outline/header/menu.styl","hash":"7a3a56b10ab714c0e2ed240d0939deeecdcad167","modified":1661838940000},{"_id":"themes/Next/source/css/_common/outline/header/header.styl","hash":"300058ca12e81013e77ba01fe66ac210525768b6","modified":1661838940000},{"_id":"themes/Next/source/css/_common/outline/header/site-meta.styl","hash":"3d16ac0f4ccaeed868c246d4d49bde543d1f62cb","modified":1661838940000},{"_id":"themes/Next/source/css/_common/outline/sidebar/sidebar-author-links.styl","hash":"49722d555a2edb18094bb2cb3d7336dd72051b93","modified":1661838940000},{"_id":"themes/Next/source/css/_common/outline/header/site-nav.styl","hash":"b8c816fba0a9b4a35fbae03ba5b1b2da96ba2687","modified":1661838940000},{"_id":"themes/Next/source/css/_common/outline/footer/footer.styl","hash":"7eeb22c5696f8e0c95161dc57703973cf81c8c12","modified":1661838940000},{"_id":"themes/Next/source/css/_common/outline/sidebar/sidebar-author.styl","hash":"357f825f0a649b2e28cba1481d4c9a0cb402e43a","modified":1661838940000},{"_id":"themes/Next/source/css/_common/outline/sidebar/sidebar-blogroll.styl","hash":"096f908c08ce553e482aadfd3e767a0145191093","modified":1661838940000},{"_id":"themes/Next/source/css/_common/outline/sidebar/sidebar-button.styl","hash":"525242ce9e912c4adfe5134347c67dbdb9e98e3d","modified":1661838940000},{"_id":"themes/Next/source/css/_common/outline/sidebar/sidebar-nav.styl","hash":"b11b04737a1a0fea3bd9f0081d96ee6c015358d4","modified":1661838940000},{"_id":"themes/Next/source/css/_common/outline/sidebar/sidebar-dimmer.styl","hash":"12f7eaf6b56624cbc411528562d6bb848ff97039","modified":1661838940000},{"_id":"themes/Next/source/css/_common/outline/sidebar/sidebar-toc.styl","hash":"fa0a2ea57b7b4ce75b5d18c264af2d92ea3192f9","modified":1661838940000},{"_id":"themes/Next/source/css/_common/outline/sidebar/sidebar-toggle.styl","hash":"098b4bdf49c7300490f959386d5d1185a32543f6","modified":1661838940000},{"_id":"themes/Next/source/css/_common/outline/sidebar/sidebar.styl","hash":"5d540f683018745a5ed1d6f635df28ea610c1244","modified":1661838940000},{"_id":"themes/Next/source/css/_common/outline/sidebar/site-state.styl","hash":"67a1fcb33535122d41acd24f1f49cf02c89b88fa","modified":1661838940000},{"_id":"themes/Next/source/lib/font-awesome/webfonts/fa-brands-400.woff2","hash":"509988477da79c146cb93fb728405f18e923c2de","modified":1661838940000},{"_id":"themes/Next/source/lib/font-awesome/webfonts/fa-solid-900.woff2","hash":"75a88815c47a249eadb5f0edc1675957f860cca7","modified":1661838940000},{"_id":"source/_data/footer.swig","hash":"b0ea3e6e97e8298ed0844aed82f4455ba72525f9","modified":1661838940000},{"_id":"public/2022/10/06/page1/index.html","hash":"818e57b08c01973ac196f929b1768c08de248393","modified":1665026087317},{"_id":"public/archives/index.html","hash":"8ffcc5ba7cf51d5931da685b256286f0c3176db7","modified":1665026087317},{"_id":"public/archives/2022/index.html","hash":"0d80d96ccc02c58c8bfaf6bc3219e5c0450d1d44","modified":1665026087317},{"_id":"public/archives/2022/10/index.html","hash":"911e9189168b55725b9f276570b75d7fc136f88b","modified":1665026087317},{"_id":"public/index.html","hash":"09ab5254ce43d467974f44dee4f7cce72e8e7204","modified":1665026087317},{"_id":"public/images/algolia_logo.svg","hash":"45eeea0b5fba833e21e38ea10ed5ab385ceb4f01","modified":1665025651273},{"_id":"public/images/avatar.gif","hash":"18c53e15eb0c84b139995f9334ed8522b40aeaf6","modified":1665025651273},{"_id":"public/images/cc-by-nc-nd.svg","hash":"bc3588c9b2d7c68830524783120ff6cf957cf668","modified":1665025651273},{"_id":"public/images/cc-by-sa.svg","hash":"70c1535f43e54e5ff35ca81419e77e4c0c301398","modified":1665025651273},{"_id":"public/images/apple-touch-icon-next.png","hash":"2959dbc97f31c80283e67104fe0854e2369e40aa","modified":1665025651273},{"_id":"public/images/cc-by-nc.svg","hash":"6f076713fb9bf934aa2c1046bdf2cf2e37bc1eab","modified":1665025651273},{"_id":"public/images/cc-zero.svg","hash":"9bfb52b2f63527a7049247bf00d44e6dc1170e7d","modified":1665025651273},{"_id":"public/images/cc-by.svg","hash":"e92a33c32d1dac8ed94849b2b4e6456e887efe70","modified":1665025651273},{"_id":"public/images/favicon-16x16-next.png","hash":"943a0d67a9cdf8c198109b28f9dbd42f761d11c3","modified":1665025651273},{"_id":"public/images/favicon-32x32-next.png","hash":"0749d7b24b0d2fae1c8eb7f671ad4646ee1894b1","modified":1665025651273},{"_id":"public/images/logo.svg","hash":"169f56fd82941591dad3abd734a50ec7259be950","modified":1665025651273},{"_id":"public/images/cc-by-nd.svg","hash":"42cd73da328077ccc92f859bb8f3cf621b3484f8","modified":1665025651273},{"_id":"public/images/cc-by-nc-sa.svg","hash":"6f55543d1fb9cbc436c101d24f802dec7b41efc3","modified":1665025651273},{"_id":"public/lib/font-awesome/webfonts/fa-regular-400.woff2","hash":"260bb01acd44d88dcb7f501a238ab968f86bef9e","modified":1665025651273},{"_id":"public/lib/font-awesome/webfonts/fa-brands-400.woff2","hash":"509988477da79c146cb93fb728405f18e923c2de","modified":1665025651273},{"_id":"public/js/algolia-search.js","hash":"498d233eb5c7af6940baf94c1a1c36fdf1dd2636","modified":1665025651273},{"_id":"public/js/local-search.js","hash":"35ccf100d8f9c0fd6bfbb7fa88c2a76c42a69110","modified":1665025651273},{"_id":"public/js/bookmark.js","hash":"9734ebcb9b83489686f5c2da67dc9e6157e988ad","modified":1665025651273},{"_id":"public/js/motion.js","hash":"72df86f6dfa29cce22abeff9d814c9dddfcf13a9","modified":1665025651273},{"_id":"public/js/schemes/muse.js","hash":"1eb9b88103ddcf8827b1a7cbc56471a9c5592d53","modified":1665025651273},{"_id":"public/js/utils.js","hash":"730cca7f164eaf258661a61ff3f769851ff1e5da","modified":1665025651273},{"_id":"public/lib/velocity/velocity.ui.min.js","hash":"ed5e534cd680a25d8d14429af824f38a2c7d9908","modified":1665025651273},{"_id":"public/js/schemes/pisces.js","hash":"0ac5ce155bc58c972fe21c4c447f85e6f8755c62","modified":1665025651273},{"_id":"public/js/next-boot.js","hash":"a1b0636423009d4a4e4cea97bcbf1842bfab582c","modified":1665025651273},{"_id":"public/css/main.css","hash":"5a047038a92cda8bad700701e607a29fefd46eb9","modified":1665025651273},{"_id":"public/lib/velocity/velocity.min.js","hash":"2f1afadc12e4cf59ef3b405308d21baa97e739c6","modified":1665025651273},{"_id":"public/lib/anime.min.js","hash":"47cb482a8a488620a793d50ba8f6752324b46af3","modified":1665025651273},{"_id":"public/lib/font-awesome/css/all.min.css","hash":"0038dc97c79451578b7bd48af60ba62282b4082b","modified":1665025651273},{"_id":"public/lib/font-awesome/webfonts/fa-solid-900.woff2","hash":"75a88815c47a249eadb5f0edc1675957f860cca7","modified":1665025651273}],"Category":[],"Data":[{"_id":"footer","data":"<script color=\"0,0,0\" opacity=\"0.5\" zIndex=\"-1\" count=\"99\" src=\"https://cdn.jsdelivr.net/npm/canvas-nest.js@1/dist/canvas-nest.js\"></script>"}],"Page":[],"Post":[{"title":"台北美食(一)","_content":"","source":"_posts/page1.md","raw":"---\ntitle: 台北美食(一)\ntags:\n---\n","slug":"page1","published":1,"date":"2022-10-06T01:47:06.780Z","updated":"2022-10-06T01:47:57.838Z","comments":1,"layout":"post","photos":[],"link":"","_id":"cl8wh8r8p0000ykhcce2zch5w","content":"","site":{"data":{"footer":"<script color=\"0,0,0\" opacity=\"0.5\" zIndex=\"-1\" count=\"99\" src=\"https://cdn.jsdelivr.net/npm/canvas-nest.js@1/dist/canvas-nest.js\"></script>"}},"excerpt":"","more":""}],"PostAsset":[],"PostCategory":[],"PostTag":[],"Tag":[]}}